{
    "name": "CMP1905",
    
    "image": "ghcr.io/socstech/dockerimages/cmp1905:latest",

    "customizations": {
        "vscode": {
            "extensions": [
                "ms-azuretools.vscode-docker",
                "ms-toolsai.jupyter",
                "ms-toolsai.vscode-jupyter-cell-tags",
                "ms-toolsai.jupyter-renderers",
                "ms-toolsai.vscode-jupyter-slideshow",
                "ms-python.vscode-pylance",
                "ms-python.python",
                "ms-python.debugpy",
                "ms-toolsai.jupyter-keymap"
            ]
        }
    }
}